question,document
"Quick homemade applesauce recipe with apples and cinnamon, about 25 minutes?",2
"What’s an easy apple dessert I can make with apples, oats, brown sugar, and butter in about an hour?",5
"Quick 20 minute dessert with apples, cinnamon, and butter?",9
What can I make with apples and puff pastry in about an hour?,10
I have apples and butter on hand and about an hour — what’s an easy apple crisp recipe?,11
I have a few apples and want a quick 20-minute dessert — what can I make?,14
How do I make canned apple pie filling at home with a bunch of apples and about an hour?,16
I have apples and pie crusts — what's an easy apple pie recipe that takes about an hour?,17
Quick caramel apple recipe with just apples and caramels — about 25 minutes?,19
"I have apples, eggs, flour, and cinnamon — what’s a simple cake I can make in about an hour?",20
What’s a quick 45-minute recipe for apple cinnamon muffins?,24
"Quick apple dessert I can make in about 35 minutes with apples, flour, eggs, and milk?",26
Quick dessert idea in 30 minutes with apple pie filling and cinnamon?,27
Quick apple muffin recipe with apples and pantry staples — ready in about 45 minutes?,28
I have a bunch of apples and cinnamon — what’s an easy baked apple recipe I can make in about an hour?,29
What’s a quick 20-minute salad recipe with apples and celery?,30
"Quick homemade applesauce recipe with apples and cinnamon, about 25 minutes?",33
"I have a few apples and oats, and I want an easy dessert that takes about an hour — what can I make?",36
"What’s an easy 20-minute dessert or side dish I can make with apples, butter, sugar, and cinnamon?",40
I have some apples and puff pastry — what’s a quick dessert I can make in about an hour?,41
I have apples and butter on hand—what's an easy apple dessert I can make in about an hour?,42
I have a few apples and want a quick 20-minute dessert—any easy recipe for sautéed apples with cinnamon?,45
I have a bunch of apples and about an hour — how do I make canned apple pie filling at home?,47
I have apples and pie crust on hand — can you suggest an easy apple pie recipe that takes about an hour?,48
"Quick caramel apple recipe with apples and caramels, ready in about 25 minutes?",50
"I have apples, eggs, flour, and cinnamon — can you suggest a simple German apple cake recipe that takes about an hour?",51
"I’ve got apples, flour, milk, and cinnamon — what’s an easy muffin recipe I can make in about 45 minutes?",55
Quick apple fritters recipe I can make in about 35 minutes?,57
"Quick apple dessert recipe, about 30 minutes, using apple pie filling and brown sugar",58
I have apples and about 45 minutes — can you suggest an easy muffin recipe?,59
"What can I make with apples, cinnamon, and brown sugar in about an hour?",60
I need a quick 20-minute salad recipe with apples and celery — what can I make?,61
"Quick applesauce recipe with apples and cinnamon, ready in about 25 minutes",64
"I’ve got a bunch of apples and oats at home, what’s an easy dessert I can make in about an hour?",67
"What can I make with apples, butter, cinnamon, and sugar in about 20 minutes?",71
I have some apples and puff pastry at home — what can I make in about an hour?,72
I have a bunch of apples and about an hour—what’s an easy apple crisp recipe?,73
"I have apples, butter, and brown sugar — what’s a quick 20-minute dessert or side recipe I can make?",76
I have a bunch of apples and about an hour — how do I make canned apple pie filling?,78
What’s an easy apple pie recipe I can make in about 1 hour with apples and pie crust?,79
"Quick caramel apple recipe with just apples and store-bought caramels, ready in about 25 minutes",81
What’s an easy German apple cake recipe I can make in about an hour with apples and cinnamon?,82
"Quick apple cinnamon muffins recipe — I have apples, flour, milk, and eggs, and I want something I can bake in under an hour.",86
"Quick apple dessert I can make in about 35 minutes with apples, flour, eggs, and cinnamon sugar",88
Quick 30 minute dessert idea with apple pie filling and cinnamon?,89
I have apples and butter at home—what's a quick muffin recipe I can make in about 45 minutes?,90
I have a bunch of apples and cinnamon — what’s a quick baked apple dessert I can make in about an hour?,91
"I have apples, celery, and walnuts — what’s a quick salad recipe I can make in about 20 minutes?",92
I have a few apples and cinnamon—what's a quick homemade applesauce recipe I can make in about 25 minutes?,95
"Quick easy dessert with apples and oats — I’ve got apples, brown sugar, cinnamon, and butter, and I want something I can bake in about an hour.",98
"Quick 20-minute dessert with apples, butter, and cinnamon?",102
What can I make with apples and puff pastry in about an hour?,103
I have some apples and butter at home and about an hour — what’s an easy dessert I can make?,104
Quick 20-minute recipe with apples and cinnamon for a warm dessert?,107
How do I make canned apple pie filling at home with a bunch of apples and about an hour?,109
"Quick easy apple pie recipe with store-bought pie crust, apples, sugar, and cinnamon?",110
"Quick caramel apple recipe for about 6 apples, using store-bought caramels — how long does it take?",112
"Quick German apple cake recipe with apples, cinnamon, and vanilla — about an hour to make?",113
I have apples and cinnamon on hand — can you suggest an easy muffin recipe that takes about 45 minutes?,117
Quick apple dessert I can make in about 35 minutes with apples and cinnamon sugar?,119
"Need a quick dessert recipe in about 30 minutes — I have apple pie filling and cinnamon, and I want something easy like apple crisp.",120
"Quick apple muffin recipe I can make in about 45 minutes with apples, flour, butter, and eggs?",121
What can I make with apples and cinnamon that's an easy baked dessert and takes about an hour?,122
Looking for a quick 20-minute apple salad recipe with celery and walnuts—any easy Waldorf salad ideas?,123
I have a couple apples and want a quick 10-minute dessert in the microwave—what can I make?,124
"Quick apple cinnamon muffin recipe with oats—something I can make in about 35 minutes, and I already have apples and oats.",126
What’s a quick 1-hour dinner I can make with pork chops and applesauce?,127
"Need a quick muffin recipe for about 45 minutes — I have carrots, apples, raisins, and walnuts. Any easy breakfast bake ideas?",129
"Need a quick dessert recipe with apples and oats, something easy in about an hour?",130
"What’s a quick apple pancake recipe I can make in about 35 minutes with shredded apples, milk, eggs, and cinnamon?",131
I’ve got some stale bread and apples — what’s a good cozy dessert I can make in about an hour?,134
I have apples and a frozen pie crust — can you suggest an easy apple dessert I can make in about an hour?,135
"Quick dessert idea with apples and cinnamon, ready in about 30 minutes",136
"Quick mincemeat recipe with apples, raisins, and warm spices — I’ve got about 50 minutes.",137
What can I make with puff pastry and apples in about 40 minutes?,140
"Quick recipe for fried apple pies I can make in about an hour with apples, flour, and shortening?",141
"Quick dessert idea with apples and cinnamon, something I can make in about 20 minutes?",142
Got 2 apples and cinnamon—what's an easy snack recipe I can make in under an hour?,144
I have a bunch of apples and want to make homemade jelly — what’s a good recipe?,145
Need a quick 25-minute coleslaw recipe with apples and cabbage for a side dish,146
"Easy apple dessert recipe with puff pastry and apples, about an hour to make",147
"I have pork tenderloin, apples, and onions — what’s a good easy dinner recipe I can make in about an hour?",148
I have fresh cherries and vanilla ice cream—what’s an easy dessert I can make in about 30 minutes?,150
How do I make cherry pie filling from fresh tart cherries in about 40 minutes?,152
How do I make an Old Fashioned cocktail with whiskey and bitters in about 5 minutes?,154
"Quick recipe for fresh cherry muffins — I have cherries, milk, and eggs, and I want something easy that takes under an hour.",161
Quick pineapple glaze for ham with brown sugar and cherries — how do I make it in about 15 minutes?,163
"Need a quick 10-minute smoothie recipe with banana, frozen berries, and yogurt",166
I have fresh cherries and oats—what’s a quick dessert I can make in about an hour?,169
What’s a quick 5-minute cocktail I can make with rye whiskey and bitters?,170
Quick cherry dessert I can make in about 45 minutes with cake mix and canned cherry pie filling?,171
Quick 30-minute chocolate cookie recipe with cherries and chocolate chips?,172
How can I make cherry jam at home with fresh cherries and apple juice in about an hour?,176
"I have cooked chicken, celery, and dried cherries—what’s a quick high-protein chicken salad recipe I can make in about 45 minutes?",177
"Quick cherry glaze for ham with preserves and spices, ready in about 10 minutes?",181
"I have pecans, walnuts, raisins, maraschino cherries, and vanilla wafers — what’s a quick no-bake dessert I can make in about 20 minutes?",185
I have ground cherries and a pie shell — what’s a quick pie recipe I can make in about an hour?,189
"Quick paleo cookie recipe with almond flour and dates, something easy for a sweet snack?",190
Quick 10-minute sweet and sour sauce recipe with pineapple juice and maraschino cherry juice,197
"Quick 45-minute no-bake dessert with marshmallows, coconut, and graham crackers?",198
I’ve got a whole chicken and a can of cherries—what’s a good 45-minute recipe I can make?,200
I have some cherries and want a quick dessert I can bake in about 45 minutes—any easy pudding cake recipes?,202
"Quick 20-minute appetizer with figs, goat cheese, and almonds?",206
Quick 15-minute vegetarian salad idea with arugula and figs?,207
What’s a quick 5-minute smoothie I can make with frozen bananas and figs?,208
I have fresh figs and strawberry gelatin — what's a quick 30-minute preserve recipe I can make?,209
"Quick fig and onion spread recipe for crostini — I have figs, red onion, and balsamic vinegar and need something easy in about 45 minutes",210
"I have figs, brie, and almonds — what’s a quick appetizer I can make in about 35 minutes?",211
Looking for a quick 40-minute recipe with fresh figs and oats — any healthy muffin ideas?,212
Quick dinner idea with chicken thighs and fresh figs — something savory-sweet I can make in about 45 minutes?,213
"Quick fig freezer jam recipe with lemon juice and pectin, about 30 minutes?",215
Quick cookie recipe with fresh figs and walnuts — only about 35 minutes?,217
How do I make a quick homemade jam with fresh figs and blueberries in about 50 minutes?,220
"Quick 20-minute salad recipe with pears and figs, maybe with some cheese and nuts?",221
Need a quick 40-minute bourbon fig compote recipe with dried figs and balsamic vinegar,223
What’s a quick 35-minute chicken dinner I can make with chicken tenders and balsamic vinegar?,224
"Quick fig scones recipe using fresh figs and oats, ready in about 45 minutes?",225
What’s a quick 15-minute appetizer I can make with figs and burrata?,226
I have fresh figs and goat cheese — what’s a quick 15-minute appetizer I can make with prosciutto?,228
"What’s a quick 15-minute salad I can make with romaine, oranges, figs, and blue cheese?",229
"Looking for a quick homemade fig preserve recipe — I have fresh Black Mission figs and about an hour, anything easy?",230
"Quick 5-minute smoothie recipe with strawberries, blueberries, and banana — something refreshing and fruity",231
I have fresh figs and cream cheese—what’s a quick 25-minute dessert or appetizer I can make?,232
I have ricotta and some fresh figs — what’s a quick appetizer I can make in about 35 minutes?,233
"What can I make in about 30 minutes with Arborio rice, fresh figs, and prosciutto?",234
I have fresh cranberries and some dried figs — what’s a quick holiday sauce I can make in about 35 minutes?,235
What can I make in about 20 minutes with fresh figs and prosciutto?,238
"I have figs, goat cheese, and onions — what’s a quick appetizer I can make in about an hour?",241
"Quick 15-minute salad idea with arugula, figs, and Gorgonzola?",242
"Quick sweet-and-spicy fig compote recipe with dried figs and red wine, ready in about 25 minutes?",243
"I have peaches and figs, and I need a quick dessert in about 30 minutes—what can I make?",245
What’s a quick 10-minute cantaloupe smoothie recipe with yogurt and orange juice?,246
I have watermelon and lemons — what’s a quick summer drink I can make in about 15 minutes?,247
"Quick 20-minute vegetarian salad idea with watermelon, tomatoes, and feta?",249
Quick 5-minute smoothie recipe with cantaloupe and honeydew — something light and refreshing?,250
Quick 10-minute watermelon milkshake recipe with milk and a little sugar,251
"Quick refreshing salad with watermelon and cucumber for a summer lunch, about 25 minutes?",253
"What’s a quick 20-minute refreshing salad I can make with watermelon, cucumber, and feta?",254
"I have watermelon and basil—what's a quick, light summer salad I can make?",255
"Quick 10-minute snack with watermelon and lime, something light and a little spicy",256
"Quick 30-minute appetizer with watermelon, mozzarella, and basil?",258
"Quick 20 minute salad with watermelon, feta, and arugula—something light and fresh for lunch",260
"What’s an easy 20-minute vegetarian salad with watermelon, feta, and arugula?",261
Quick watermelon margarita recipe I can make in about 45 minutes?,262
Need a quick 20-minute summer salad with watermelon and feta—any easy recipe?,264
Need a quick 15-minute tropical drink recipe with watermelon and pineapple—what can I make?,265
"What can I make in about 30 minutes with watermelon, strawberries, and maybe some cantaloupe or pineapple?",267
"I have watermelon, spring mix, and goat cheese—what's a quick 10-minute salad recipe?",269
"I need a quick, refreshing fruit dessert for a party—what can I make with watermelon, cantaloupe, honeydew, strawberries, grapes, and canned pineapple?",270
"I have watermelon, cucumbers, and limes — what’s a quick 10-minute juice recipe I can make?",271
"Quick 10 minute drink recipe with honeydew melon, ice, and water",272
What can I make with a honeydew melon if I want a refreshing juice fast?,272
Need a simple fruit juice recipe using honeydew and sugar,272
Easy low-fuss summer drink with melon and ice cubes,272
"Quick 30-minute salad recipe with watermelon, feta, mint, and lime — something light for summer?",273
I have cantaloupe and a box of white cake mix — what can I make in about an hour?,274
Quick watermelon margarita recipe in about 10 minutes with lime and tequila,276
"Quick 10-minute watermelon slushy with lime—I have watermelon, ice, and a lime, and I want something refreshing and light.",277
What can I make with cantaloupe and milk in about 10 minutes?,278
Quick 5 minute recipe for a refreshing cantaloupe drink with water and ice,280
"Quick 15-minute drink recipe with watermelon, strawberries, and lemon juice?",282
"Quick 15 minute salad idea with watermelon, avocado, and spinach — what can I make?",286
"Looking for a quick 20-minute salad with watermelon, mint, and blue cheese—any easy recipe ideas?",288
"What can I make with watermelon, lime, and jalapeño in 15 minutes?",289
I have a watermelon and about 45 minutes — what’s an easy refreshing drink I can make?,290
"What’s a quick vegetarian cold soup I can make with cucumber, avocado, and melon?",291
"Quick watermelon drink recipe with only a few ingredients, ready in 5 minutes",293
"Quick 5-minute cocktail idea with watermelon, lime, gin, and tonic?",294
What’s a quick 10-minute cocktail I can make with watermelon and vodka?,295
"quick lemon vodka shot recipe with sugar, ready in 10 minutes",296
"Quick 15-minute lemon curd recipe with eggs, butter, and fresh lemon juice?",298
Quick 5-minute cocktail with gin and lemon juice?,299
Quick 15-minute scallop recipe with garlic and lemon,301
"Quick lemonade recipe with lemons and sugar, ready in about 10 minutes",303
Quick 20-minute recipe for lemon pepper chicken wings using wings I already have?,304
What’s a quick 35-minute chicken dinner with lemon and a light sauce?,305
Need a quick 5-minute lemon icing recipe with butter and powdered sugar,306
"I need a quick 10-minute lemon vinaigrette recipe for salads — I have olive oil, Dijon mustard, garlic, and lemon juice on hand.",307
Quick 20-minute air fryer recipe for lobster tails with lemon garlic butter?,309
Quick 30-minute high-protein fish recipe with mackerel and lemon?,310
"I have chicken thighs and lemongrass, and I want a quick high-protein dinner I can make in about 40 minutes—any ideas?",311
"Quick cocktail I can make in 10 minutes with orange vodka, oranges, and Sprite?",312
"Quick warm drink recipe with lemon, honey, and ginger — something I can make in 10 minutes",315
"I’ve got salmon and lemons, and I need a quick healthy dinner in about 40 minutes — any easy baked salmon recipe?",317
Quick 5 minute recipe with oranges — how do I make fresh orange juice?,320
"Quick easy lemon cake recipe I can make in about 45 minutes with butter, eggs, milk, and lemons?",322
"I have lemons, flour, butter, and eggs—what's a quick lemon cookie recipe I can make in about an hour?",324
"I have mandarin oranges, pineapple, and cottage cheese—what's a quick dessert or salad I can make in about 40 minutes?",325
"I’ve got chicken breasts, onion, soy sauce, and ketchup — what’s a quick easy chicken recipe I can make in about 45 minutes?",326
What’s a quick high-protein salmon recipe I can make in about 40 minutes with basil and lemon?,327
Quick 10-minute shrimp recipe with butter and lemon?,328
What’s a quick 30-minute high-protein chicken recipe with lemon and capers?,329
"What’s a simple high-protein dinner I can make in about an hour with a whole chicken, lemon, and rosemary?",330
Quick 10 minute drink recipe with honey and lemon?,331
"Quick lemon cream cheese frosting recipe with cream cheese and butter, about 15 minutes",332
"Quick 15-minute recipe with orange roughy, lemon, and orange juice that's light and high in protein?",334
What can I make with eggplant and lemon in about 40 minutes?,335
"Quick 15-minute wine sauce for fish using butter, white wine, and lemon",336
What’s a quick dessert I can make in about 20 minutes with lemon cake mix and eggs?,337
"I have salmon and a lemon, and I need a quick 30-minute dinner that's healthy but still flavorful — any easy recipe ideas?",338
What’s a quick 25-minute side dish for Swiss chard and Parmesan?,339
"Need a quick 5-minute cocktail recipe with whiskey, bitters, and a little sugar?",340
Quick 15-minute aioli recipe with garlic and lemon?,342
"I have flour, sugar, butter, and some lemons — what’s a quick lemon scone recipe I can make in under an hour?",343
Quick 25-minute chicken dinner with lemon and garlic — what can I make?,345
I have a bunch of ripe pears and want to make something sweet in about 40 minutes—any easy pear jam recipe?,347
I have cucumbers and lemons—what’s a refreshing drink recipe I can make in about 50 minutes?,348
"Quick air fryer fish recipe with bread crumbs and lemon, ready in about 25 minutes?",349
Need a quick peach dessert recipe I can make in about 45 minutes with fresh peaches and oats?,350
I’ve got canned peaches and a box of yellow cake mix—what’s a quick easy dessert I can make in about an hour?,352
I have canned peaches and flour on hand—what's a quick easy peach cobbler recipe I can make in about an hour?,353
"What’s a quick 10-minute smoothie recipe with strawberries, peaches, and banana?",354
"I have Bisquick, milk, and canned peaches—what's an easy peach cobbler recipe I can make in about an hour?",356
I have canned peaches and yellow cake mix—what's an easy dessert I can make in about an hour?,357
How do I make peach preserves with fresh peaches and pectin in about an hour?,359
"Easy peach cobbler recipe with canned peaches, butter, and flour I can make in about 40 minutes",361
I have some fresh peaches and need a quick baked treat — any easy peach muffin recipe that takes under an hour?,362
I have frozen peaches and blueberries — what’s a quick dessert I can make in about 45 minutes?,367
What’s an easy dessert I can make in about an hour with canned peaches and pecans?,368
Quick easy dessert with canned peaches and butter — what can I make in about an hour?,374
Quick dessert with ripe peaches and vanilla ice cream in about 25 minutes,377
"Quick peach banana smoothie recipe with yogurt and orange juice, ready in 5 minutes",380
I have fresh peaches and about an hour—what’s an easy dessert I can make with them?,382
Quick peach dessert recipe with canned peaches — about 45 minutes and easy to make?,385
Need a quick peach dessert I can make in about 35 minutes with canned peaches and cake mix—any easy stovetop cobbler recipes?,386
I’ve got fresh peaches and about an hour—what’s an easy peach dessert I can make?,388
I’ve got canned peaches and yellow cake mix — what’s an easy dessert I can make in about 45 minutes?,389
"Quick 15-minute salad recipe with peaches, tomatoes, basil, and mozzarella?",391
"Need a quick 30-minute peach dessert recipe with frozen peaches and pecans, ideally a lighter lower-sugar option",392
"Quick smoothie recipe with bananas, strawberries, peaches, and apples — something I can make in 10 minutes?",394
What’s a simple homemade peach tea recipe I can make in about 50 minutes with fresh peaches?,399
"Quick pear dessert recipe with puff pastry and maple syrup, about 50 minutes",410
I have pears and a pie crust—what’s an easy pear pie recipe I can make in about an hour?,414
"I’ve got puff pastry, pears, and some chocolate — what’s a quick dessert I can make in about 50 minutes?",417
Quick dessert idea with pears and almonds — what can I make in about an hour?,419
"What’s a quick pear pie recipe I can make in under an hour with pears, cheddar, and butter?",422
"Quick dessert recipe in about 50 minutes — I have pears, flour, butter, and coffee grounds. Any easy galette ideas?",423
I have a bunch of ripe pears and about 40 minutes—what’s an easy homemade pear jam recipe?,425
"Quick apple pear crumble recipe with oats and cinnamon, about 1 hour total",426
"Quick 35-minute salad recipe with pears, pecans, and blue cheese?",427
I have a bunch of prickly pears and lemon juice—how do I make prickly pear jelly at home?,428
I have a bunch of pears and oats — what’s an easy dessert recipe I can make in about an hour?,430
I have some pears and oats on hand — what’s an easy baked dessert I can make in about an hour?,431
Quick 10-minute pear vinaigrette recipe with Dijon mustard and white balsamic vinegar?,432
I have a bunch of pears and orange juice — what’s a simple homemade pear butter recipe I can make in about 30 minutes?,436
"I have brie, pears, and French bread — what’s a quick 15-minute sandwich recipe I can make?",437
"Quick cranberry sauce recipe with apples, orange, and pecans — about 45 minutes?",439
I need a quick 15-minute salad recipe with pears and blue cheese — any good ideas?,440
"I have apples, pears, and mixed greens — can you suggest a quick salad recipe I can make in about 25 minutes?",442
"I need a quick 25-minute salad recipe with apples, pears, and maybe cranberries — something light and fresh for lunch.",443
"I have pizza dough, a pear, walnuts, and some cheese — what’s a quick 25-minute recipe I can make with these?",444
"I have a few apples and pears that need to be used up — what’s a quick, healthy recipe I can make in about 35 minutes?",445
"What’s a quick 35-minute pizza recipe with pears, blue cheese, and walnuts?",446
"Quick 15-minute salad idea with pears, cranberries, and pecans?",449
"I have pasta, pears, and gorgonzola — what’s a quick 25-minute dinner recipe I can make?",451
"Quick dessert recipe with plums and biscuit topping, about 50 minutes to make?",454
"Quick baby food recipe with plums, something I can make in about 20 minutes",457
I have some plums and about an hour — can you suggest an easy dessert recipe?,458
"How can I make plum liqueur at home with fresh plums and vodka, and is it okay if it takes a few weeks?",459
I have some plums and want an easy cake recipe that takes about an hour—what can I make?,461
What’s an easy high-protein pork tenderloin recipe I can make in about an hour with plums and onions?,462
What’s a quick plum dessert recipe I can make in about 50 minutes with fresh plums and basic pantry ingredients?,463
"Quick 25-minute dessert sauce recipe with milk, sugar, egg, and vanilla",464
Need a quick 35-minute dessert idea with plums and orange juice — something warm and lightly spiced?,468
What can I make with prunes and egg whites in about 50 minutes?,470
"I’ve got peaches, apples, berries, and cherries — what’s an easy fruit dessert I can make in about an hour?",474
"Quick 10-minute breakfast ideas with oat bran and prunes, something warm and high fiber",476
"I have prunes, eggs, and milk — what’s an easy French dessert I can make in about an hour?",482
What can I make with pork tenderloin and plums in about 45 minutes?,486
"Quick prune and pecan filling recipe for cookies or pastries — I have stewed prunes, pecans, and cinnamon and want something I can make in 10 minutes.",489
"Quick fruit punch recipe with oranges, lemons, grapes, and pineapple — ready in about 20 minutes?",493
"I have spinach, feta, walnuts, and pomegranate seeds — what’s a quick 10-minute salad I can make?",498
"I have salad greens, pomegranate seeds, blue cheese, and walnuts — what’s a quick 10-minute salad recipe I can make?",500
"Quick pomegranate cocktail recipe with vodka and lime — I have pomegranate juice and club soda, and I only need something I can make in 5 minutes.",502
Quick pomegranate jelly recipe with pectin and lemon juice?,503
"Quick 15-minute barbecue sauce recipe with pomegranate molasses, ketchup, honey, and soy sauce",505
Quick 15-minute pomegranate vinaigrette dressing recipe with olive oil and rice vinegar,506
"What can I make in about 35 minutes with rice, onion, and pomegranate seeds?",507
Quick 12-minute salad recipe with pear and pomegranate seeds — something light and fresh for lunch?,508
"Quick heart-healthy smoothie recipe with blueberries and Greek yogurt, preferably under 10 minutes and high in fiber",509
"Quick homemade grenadine recipe with pomegranate juice and sugar, ready in about 10 minutes",510
Quick 10-minute dessert idea with pears and pomegranate — something light and healthy?,511
Quick sweet potato biscuit recipe with buttermilk and butter — about 40 minutes?,512
"What’s a quick 20-minute salad recipe with spinach, persimmon, goat cheese, and pomegranate?",513
What’s a quick 5-minute cranberry mimosa recipe with orange juice and champagne?,515
I have a butternut squash and some almond milk — what’s a good smoky vegetarian soup I can make in about an hour?,519
How do I make grenadine at home with pomegranate juice and sugar?,520
I have halloumi and a few cans of beans—what’s a quick 40-minute vegetarian salad I can make with them?,521
Quick salmon dinner in about 40 minutes with pomegranate juice and garlic?,522
"Quick 20-minute salad idea with apples, spinach, pomegranate, and feta",523
I have pomegranate juice and heavy cream—can you suggest a quick homemade ice cream recipe that takes around 35 minutes?,524
Quick 20-minute recipe for a spiced pomegranate syrup using pomegranate juice and red wine?,525
"I need a quick 15-minute salad recipe with spinach, arugula, and pomegranate—what can I make?",529
Quick 10-minute pomegranate relish recipe with cilantro and lime,530
Need a quick 30-minute vegetarian salad idea with kale and fruit—what can I make with persimmons and pomegranate?,532
"Need a quick vegetarian salad recipe with potato, cabbage, and pomegranate seeds — something light for lunch in about 40 minutes?",533
I need a 45-minute vegetarian salad recipe with quinoa and broccoli — maybe something with nuts and fruit?,534
I’ve got kale and apples at home and need a quick 15-minute healthy salad recipe—what can I make?,535
"Quick side dish in about 25 minutes with carrots, orange juice, and pomegranate juice?",536
I have a few ripe persimmons and some lemons — what's an easy jam recipe I can make in about an hour?,541
Quick soft persimmon cookie recipe I can make in about 30 minutes?,545
I have some persimmons and walnuts — what’s a quick muffin recipe I can make in about 35 minutes?,548
I have persimmons and walnuts and only about 30 minutes — what’s an easy dessert I can make?,549
"Quick 25-minute cookie recipe with persimmon puree, oats, and a little toffee?",550
I have ripe bananas and a persimmon that need to be used up—what's an easy muffin recipe I can make in about 40 minutes?,551
"I have spinach, a persimmon, and goat cheese — what’s a quick 20-minute salad recipe I can make?",553
I have butternut squash and a few persimmons — what can I make that's a cozy soup and takes under an hour?,554
I have a few ripe persimmons and chocolate chips—what's a quick dessert I can make in about 45 minutes?,555
Quick 20-minute recipe idea for overripe persimmons and apples?,557
"Quick persimmon jam recipe with fresh persimmons and lemon juice, around 40 minutes?",560
What’s a quick 10-minute salad I can make with persimmon and burrata?,561
"What’s a quick 50-minute recipe I can make with focaccia, burrata, and fresh rosemary?",565
I have ripe persimmons and raisins—what’s an easy bread machine recipe I can make in about 10 minutes?,568
I have some persimmons and raisins on hand—what's a quick cookie recipe I can make in about 30 minutes?,570
I have persimmons and buttermilk — what’s a quick dessert I can make in about 40 minutes?,571
"Quick paleo dessert idea in about 30 minutes — I have persimmons, dates, and pecans. What can I make?",574
What’s a quick 30-minute vegan salad recipe with kale and pomegranate?,575
"Quick persimmon cookie recipe? I’ve got persimmon pulp, raisins, and walnuts and want something I can bake in about 30 minutes.",577
I have some persimmons and an apple—what's a quick spicy chutney recipe I can make in under an hour?,579
"Quick banana muffins recipe with ripe bananas and flour, about 35 minutes?",583
"Quick high-protein smoothie idea with banana and peanut butter, under 10 minutes?",584
"Quick dessert in 20 minutes with bananas, brown sugar, and vanilla ice cream?",586
"Quick banana oatmeal muffins recipe with ripe bananas and oats, about 35 minutes?",588
Quick banana muffin recipe I can make in about 35 minutes with ripe bananas and walnuts?,590
What’s an easy banana muffin recipe I can make in about 35 minutes with a few ripe bananas?,591
"I’ve got a banana, peanut butter, cocoa powder, and protein powder — what’s a quick high-protein shake I can make in about 10 minutes?",593
"Quick 5-minute smoothie with strawberries, banana, and yogurt—any easy recipe?",594
"Need a quick 5-minute breakfast smoothie with strawberries, oats, and banana—something filling but light?",596
"Quick banana cake recipe using ripe bananas and walnuts, about an hour to make?",597
"Quick high-protein smoothie with spinach and banana for breakfast, ready in 10 minutes",600
"Quick healthy smoothie recipe with strawberries, peaches, and banana — I only have 10 minutes and want something light and fruity",601
"Quick chocolate banana muffin recipe for ripe bananas and chocolate chips, ready in about 40 minutes?",603
"Quick vegan banana muffin recipe — I’ve got ripe bananas and coconut milk, and I want something ready in about 45 minutes.",604
"I have banana and pineapple, what’s a quick 5-minute smoothie recipe?",605
"I have some ripe bananas and walnuts, and about 45 minutes—what's a good muffin recipe?",606
Quick 15-minute air fryer dessert with bananas and a little oil spray?,607
Quick banana muffin recipe with ripe bananas and about 35 minutes?,609
"What can I make in about 15 minutes with ripe bananas, flour, milk, and eggs?",613
Got some ripe bananas and blueberries — what’s a quick dessert bread recipe I can make in about an hour?,614
What can I make with ripe bananas and chocolate chips in about 45 minutes?,616
"Quick healthy breakfast muffin recipe with bananas, carrots, and zucchini — ready in about 50 minutes?",617
What’s a quick banana cookie recipe I can make in about 25 minutes with ripe bananas?,619
"Quick 10-minute smoothie recipe with mango and banana, something easy for breakfast",620
"Quick high-protein smoothie recipe with strawberries and banana, ready in 10 minutes?",621
Quick 15-minute breakfast idea with oats and bananas?,623
I have a few ripe bananas and about an hour—can you suggest a simple banana bread recipe?,624
"Quick healthy snack recipe with bananas and oats, ready in about 25 minutes",626
"Need a 5-minute banana milkshake recipe with milk and cinnamon, no ice cream?",627
"Quick banana muffin recipe with bran and walnuts, ready in about 35 minutes",628
"Quick 5-minute smoothie recipe with strawberries, banana, and orange juice?",629
"Quick dessert idea in about 45 minutes — I have bananas, eggs, milk, vanilla wafers, and sugar. What can I make?",631
"What’s a quick high-protein chocolate smoothie recipe I can make in about 10 minutes with bananas, milk, and peanut butter?",632
"Quick banana brownie recipe with chocolate chips and a ripe banana, about 50 minutes total?",635
"Quick 10-minute smoothie recipe with apple, banana, and kiwi—I’ve got milk and chia seeds too, what can I make?",639
Looking for a fruit tart recipe I can make in about 45 minutes with mascarpone and fresh berries — any easy options?,642
What can I make with ground pork and poblanos in about 40 minutes?,643
"Quick 15-minute salad idea with spinach, strawberries, and kiwi — something light and fresh?",644
"Quick 5-minute smoothie idea — I have almond milk, kale, grapes, and some frozen pineapple, and I want something light and healthy.",645
"Quick 10-minute smoothie recipe with banana, apple, pineapple, and carrot — something healthy and refreshing",649
"I have kiwi, strawberries, apples, and lime juice—what’s a quick 15-minute spicy fruit salsa recipe?",650
Quick 20-minute white sangria recipe with kiwi and pear,652
"I have puff pastry shells, strawberries, and kiwi—what’s a quick dessert I can make in about an hour?",653
Quick 40-minute healthy dinner idea with tilapia and fresh fruit salsa?,654
Quick sweet sandwich recipe with kiwi and cream cheese that takes about 20 minutes,656
I have strawberries and kiwi on hand and only need a 5-minute drink or snack—what can I make?,658
"What can I make with strawberries, pineapple, kiwi, and orange for a light fruit salsa?",660
I have kale and kiwis—what's a quick healthy recipe I can make in about 30 minutes?,661
"Quick 10-minute fruit smoothie recipe with banana, kiwi, strawberries, and pineapple — something refreshing and light",662
Got any quick 30-minute cookie recipes using kiwi and chocolate chips?,663
"I have strawberries, grapes, blueberries, pineapple, and cream cheese — what’s a quick fruity dessert I can make for a party?",664
"Quick 30-minute dessert idea with strawberries, banana, mango, and tortillas?",665
"Quick 5 minute high-protein breakfast idea with Greek yogurt, kiwi, and nuts?",666
"I have jicama, mango, and a red bell pepper — what’s a quick healthy salad I can make in about 45 minutes?",668
"Quick mango jam recipe with ripe mangoes and sugar, ready in about 45 minutes?",669
I have mangoes and habaneros—what's an easy homemade hot sauce I can make in about 45 minutes?,676
Quick high-protein smoothie recipe with mango and yogurt?,677
"I have mangoes and limes, and I need a quick spicy sauce recipe for tonight—what can I make in about 40 minutes?",678
"Quick 5-minute smoothie with mango, yogurt, and milk — something creamy and refreshing",680
"I have green mangoes and a red bell pepper, and I want a quick 20-minute salad — what can I make?",682
"Quick mango dessert idea — I have ripe mangos and lime juice, and I want something refreshing I can make in about 15 minutes.",683
"Quick mango cake recipe with canned mango pulp and almonds, around 50 minutes?",684
"Quick 5-minute smoothie with banana, peanut butter, and frozen mango?",686
"Quick 10-minute smoothie recipe with watermelon and mango, something refreshing for summer?",687
I have some ripe mangoes and about 45 minutes — what’s a simple muffin recipe I can make?,688
"What’s a quick 10-minute breakfast smoothie I can make with frozen mango, banana, yogurt, and oats?",690
"Need a quick high-protein dinner idea with smoked salmon and brown rice—I’ve got avocado and cucumber too, something like a poke bowl?",694
"Quick mango milkshake recipe with ice and vanilla, ready in 5 minutes",695
Quick 30-minute high-protein dinner idea with salmon and mango salsa,696
I’ve got a few mangos and lime at home—what’s a quick spicy salad I can make in about 45 minutes?,697
I have a bunch of ripe mangoes and about an hour—what’s a good dessert I can make with them?,701
Quick 10-minute smoothie with peach and mango — any easy recipe?,703
Quick dinner idea with salmon and mango—any easy tacos I can make in under an hour?,704
"I have cod and cabbage, plus mango and pineapple—what’s a quick, healthy fish taco recipe I can make in about 50 minutes?",706
Quick 25-minute mango topping recipe with brown sugar and lemon juice,709
Quick 10 minute smoothie recipe with cherries and mango,710
"Quick dinner idea with sea bass and mango — something I can make in about 40 minutes, preferably a bit fancy but still easy?",711
Quick 10-minute mango drink recipe with pineapple juice and Tajin?,713
Quick 20-minute recipe for a sweet and spicy mango peach habanero wing sauce?,714
Quick 15-minute mango avocado dip recipe with lime and cilantro,715
Quick 15 minute mango relish recipe with bell pepper and lime?,716
"Quick 15-minute salad recipe with strawberries, mango, and mixed greens?",718
"Quick 5-minute smoothie recipe with mango, frozen berries, and yogurt",719
Quick 30-minute chicken salad with avocado and mango—something light and high protein for dinner,721
"What’s an easy 5-minute tropical cocktail I can make with pineapple juice, rum, and coconut?",722
"Need a quick tropical party punch recipe in about 10 minutes with pineapple juice, orange juice, and rum",724
"Quick pineapple dessert recipe I can make in about 45 minutes with cake mix, canned pineapple, and cherries?",728
Quick dessert idea with pineapple and cinnamon — something I can grill in about 20 minutes?,729
Need a quick 5-minute pineapple cocktail with vodka and grenadine—what can I make?,731
"Quick 5-minute smoothie recipe with pineapple and banana, maybe something refreshing for one person",732
Quick 45-minute grilled pineapple recipe with butter and honey?,734
I have canned pineapple and a sweet tooth — what’s a quick dessert I can make in under an hour?,735
Quick dessert idea with angel food cake mix and pineapple — I only have about 30 minutes.,736
"I’ve got chicken breast, pineapple, and bell peppers—what’s an easy 30-minute dinner I can make?",737
Looking for an easy old-fashioned dessert I can make in about an hour with canned pineapple and cherries—what can I bake?,738
Quick 5-minute cocktail recipe with pineapple juice and gin,739
"Quick 10-minute smoothie with pineapple, cucumber, and ginger — something light and healthy",741
What’s a quick Hawaiian meatballs recipe I can make with ground beef and pineapple in about 50 minutes?,742
Need a quick 30-minute sweet and sour sauce recipe with pineapple juice and ketchup,746
"Quick Thai curry recipe with chicken and pineapple, about 50 minutes?",747
How do I make pineapple infused vodka with just pineapple and a bottle of vodka?,748
Quick dinner idea with pork chops and pineapple juice — something easy that takes about 50 minutes?,750
"Quick pineapple dessert recipe with canned pineapple and cake mix, about 40 minutes?",751
Need a quick 10-minute Hawaiian coleslaw recipe with pineapple and mayo,757
"What can I make in about 45 minutes with a can of crushed pineapple, flour, milk, and eggs?",758
"Quick 25-minute dinner idea with chicken, bell peppers, and pineapple — something sweet and sour?",761
Need a quick 10-minute dip recipe with cream cheese and pineapple for a party,762
"Quick 20-minute dinner with chicken, bell peppers, and pineapple — any easy sweet and sour chicken recipe?",764
"Quick 35-minute dinner with ham and pineapple chunks—I’ve got some green onions and pineapple juice too, what can I make?",765
Quick pineapple glaze for ham with brown sugar and cherries — ready in 15 minutes?,768
Quick 55-minute dinner idea with pork tenderloin and pineapple—I want something sweet and sour and not too hard to make.,769
What can I make with canned pineapple and Cheddar cheese in about 40 minutes?,771
What can I make with a fresh pineapple in about 20 minutes in the air fryer?,777
"Quick 20-minute recipe for green papaya salad? I have garlic, green beans, lime, and peanuts, and I want something light and fresh.",778
"Quick vegetarian salsa recipe with mango and avocado, something fresh for chips or grilled fish",779
Quick 10-minute drink recipe with papaya and milk — something cold and sweet?,780
"Quick smoothie recipe with papaya, banana, and strawberries — I only have about 10 minutes and want something fruity and refreshing",781
"Quick high-protein dinner idea with tuna steaks and papaya salsa, about 50 minutes?",782
"Quick 20-minute appetizer with papaya, tomatoes, and baguette?",784
"Quick tropical fruit salad recipe with pineapple, mango, and banana in about 30 minutes",785
"What can I make in 10 minutes with mango, papaya, and orange juice?",786
"Quick 35-minute Thai salad idea with green papaya, peanuts, and lime?",787
"Quick healthy breakfast idea with papaya, yogurt, and strawberries — something light and ready in 15 minutes?",788
"Quick vegetarian salad recipe with papaya, black beans, and lime, about 50 minutes",790
"Quick 15-minute salad recipe with mango and papaya, something light and fresh for lunch?",792
"Quick Thai-inspired salad recipe with cucumber, green beans, and papaya — takes about 35 minutes?",793
I have papaya and yogurt at home—what's a quick 10-minute smoothie recipe I can make?,795
"Quick 5 minute kid snack idea with watermelon, blueberries, and papaya",796
"Quick high-protein salad recipe with chicken, bacon, eggs, avocado, and ranch — something easy for dinner in about 30 minutes?",797
"What’s a quick 15-minute breakfast sandwich I can make with eggs, avocado, bread, and cheese?",798
"Quick 20-minute dip recipe for a party — I have avocados, beans, salsa, sour cream, and cheese, what can I make?",799
"Quick 5-minute smoothie recipe with avocado, milk, and yogurt?",800
"Need a quick 10-minute vegetarian side salad with avocado, tomato, and lime—what can I make?",802
Got any easy vegan dessert recipes I can make with avocados and cocoa powder in about 40 minutes?,803
"I’ve got avocados, tomato, onion, and cilantro—what’s a quick 10-minute guacamole recipe?",804
"I have pears, lettuce, and blue cheese—what’s a quick salad recipe I can make in about 35 minutes?",806
"Quick healthy smoothie recipe with banana, avocado, and spinach — something I can make in 10 minutes and keep it light?",807
What’s a quick high-protein breakfast I can make in about 25 minutes with eggs and avocado?,808
"Quick Honduran baleadas recipe with flour, beans, and avocado — I’ve got about 45 minutes",810
"Quick 10-minute recipe with avocado, banana, and milk for a creamy drink?",812
Quick 15-minute avocado tomatillo salsa recipe with tomatillos and cilantro?,813
"I have an avocado and a mango, and I need a quick 20-minute salsa recipe for chips or tacos.",814
"Quick 5-minute drink recipe with avocado and milk? I’ve got an avocado, milk, and some ice—want something creamy and refreshing.",815
"Quick 20-minute high-protein salad recipe with chicken, avocado, spinach, and goat cheese",817
"Quick low carb dinner idea with chicken and avocados, ready in under 20 minutes?",820
"What’s a quick high-protein dinner I can make with ground beef, refried beans, tortillas, and cheddar cheese?",821
I need a quick 20-minute high-protein snack with eggs and avocado—any easy recipe ideas?,824
"Quick 15-minute salad idea with arugula, cherry tomatoes, avocado, and Parmesan?",826
"Need a quick vegan breakfast idea in 10 minutes — I have avocado and whole-grain bread, what can I make?",829
"I need a quick 20-minute vegetarian dinner and I’ve got tortillas, avocado, and cheese—any easy quesadilla recipe?",830
Quick 10-minute breakfast idea with avocado and eggs?,831
"What’s a quick 40-minute healthy salad I can make with quinoa, kale, and avocado?",832
"Quick 10-minute turkey sandwich recipe with avocado, cheese, and greens?",833
Quick 15-minute grilled avocado recipe with olive oil and a little chipotle?,834
"Quick 30-minute taco salad recipe with ground beef, beans, lettuce, and avocado",835
"I have frozen peppers and onions, canned tomatoes, and tortilla chips — what’s a quick vegetarian soup I can make for dinner?",836
I’ve got ground beef and cheddar cheese and want a quick keto dinner—any easy taco recipe?,837
"I have turkey, avocado, spinach, and ciabatta rolls—what's a quick 25-minute panini recipe I can make for lunch?",838
"Quick 35-minute recipe for fresh corn and avocado, maybe a light salsa or side dish?",839
I need a quick 15-minute salad recipe with spinach and avocado — something light and healthy for lunch.,840
"What’s a quick high-protein shrimp salad recipe I can make in about 25 minutes with lettuce, avocado, tomatoes, and cucumber?",841
"Need a quick 30-minute soup idea with chicken, avocado, and lime — what can I make?",842
"Quick vegetarian breakfast idea with avocado and lemon, something I can make in about 15 minutes?",843
"Quick 30-minute recipe with cod, salsa, and cheese?",844
"Quick guacamole recipe with avocado and cream cheese for a party, something creamy and easy to make in under 40 minutes",845
"Quick avocado dressing recipe with yogurt and lemon juice, ready in 10 minutes",846
Looking for a quick 20-minute high-protein lunch recipe with eggs and avocado I can make ahead?,847
"Quick high-protein ahi tuna recipe with avocado and cucumber, ready in about 25 minutes?",848
Looking for a 10-minute vegan snack idea with avocados and lime—what can I make?,849
"Need a quick 30-minute fresh salsa salad recipe with tomatoes, avocado, peppers, and cilantro?",851
What’s an easy avocado dessert I can make in about 40 minutes with milk and vanilla?,852
"Quick 15-minute high-protein breakfast with eggs, black beans, and avocado",853
I have avocados and lime — what's a quick 25-minute avocado cream sauce recipe?,854
"I have avocados, tomatillos, cilantro, and jalapeños — what’s a quick 20-minute recipe for a fresh salsa or guacamole?",855
Quick 1-hour pork tenderloin recipe with apricot preserves and honey?,856
I have fresh apricots and want a quick dessert I can make in about an hour—what can I make?,859
Quick 20-minute dinner idea with pork chops and apricot preserves?,860
"What can I make in my Instant Pot with chicken thighs, chickpeas, and dried apricots that's ready in about an hour?",867
"What can I make in 15 minutes with couscous, dried cranberries, apricots, and almonds?",868
I have a bunch of apricots and oats—what's an easy dessert I can make in about 50 minutes?,873
Quick 35-minute dinner idea with pork chops and fresh apricots?,876
Quick apricot coffee cake recipe that takes about 50 minutes?,878
What’s a quick 30-minute muffin recipe I can make with dried apricots and buttermilk?,879
Quick 5-minute glaze for ham with apricot jam and honey?,881
"What can I make with apricot jam, honey, mustard, and orange marmalade in 5 minutes?",881
Easy sweet-and-tangy ham glaze recipe using apricot jam and English mustard,881
"Need a fast glaze for holiday ham — I have apricot jam, honey, and marmalade",881
How do I make apricot jam with fresh apricots and lemon juice?,885
Quick dinner idea with chicken and apricots — something easy to make in under an hour?,888
"Quick side dish with carrots and apricot preserves, about 25 minutes?",898
Need a quick 5-minute punch recipe with pineapple juice and soda for a party,904
Quick 15-minute dessert recipe with dried apricots and coconut,909
What can I make with a bunch of ripe nectarines and pectin that takes about a day to set?,910
"Quick fresh nectarine salsa recipe with jalapeño and lime, about 50 minutes",913
"Quick dessert idea with nectarines — I’ve got butter and brown sugar, and I only have about 10 minutes.",914
"Quick healthy fruit salad recipe with apples, celery, cranberries, and yogurt—something light and ready in about 20 minutes",915
I have berries and nectarines on hand and about 40 minutes—what’s a good summer fruit salad recipe?,916
"What’s a quick 25-minute salad recipe with spinach, nectarine, and halloumi for a light lunch?",917
What’s a quick high-protein grilling recipe with pork chops and some fruit salsa?,918
Quick dessert idea with nectarines and yogurt — what can I make in about 10 minutes?,921
What can I make with nectarines and red onion in about 25 minutes?,924
"I have chicken breasts and grapefruit juice, and I need a 45-minute dinner idea with a sweet-savory vibe—what can I make?",925
"I’ve got nectarines, ricotta, and bread — what’s a quick 25-minute recipe I can make on the grill?",926
What’s a quick 4-minute drink I can make with nectarines and buttermilk?,928
"What’s a quick 20-minute summer salad I can make with tomatoes, cucumber, and nectarine?",929
I’ve got chicken breasts and some oranges/nectarines — what’s a quick 30-minute dinner idea that’s a little sweet and savory?,930
"I have nectarines and tomatoes, and I need a quick 15-minute salad recipe with burrata—what should I make?",933
"I have peaches, plums, and some canned biscuit dough — what’s a quick summer cobbler recipe I can make in about an hour?",935
"Quick dessert idea in about 40 minutes with nectarines, plums, and raspberries?",937
"Quick dessert idea I can make in about an hour with graham crackers, chocolate chips, and coconut?",939
"Quick no-bake dessert I can make in about 30 minutes with cocoa, coconut, graham crackers, and chocolate?",940
Quick 20-minute frosting recipe with coconut and pecans for a German chocolate cake?,941
"Quick gingerbread cookie frosting recipe, under 10 minutes, with powdered sugar and milk?",943
"Quick coconut shrimp recipe for a party — I have shrimp and coconut, and I’m looking for something that takes about an hour to make.",945
"Quick vegan chia pudding recipe with coconut milk and strawberries, ready in about 30 minutes?",946
"Quick 20-minute dessert with oats, coconut, cocoa powder, and milk?",948
I need a quick no-bake dessert with oats and coconut—any easy chocolate cookie recipe I can make in about 20 minutes?,949
"Quick no-bake dessert with cream cheese, coconut, and cinnamon — something I can make in about 30 minutes?",950
"I have eggs, milk, coconut, and a pie crust — what’s a quick coconut dessert I can make in about 50 minutes?",952
I have shrimp and coconut on hand—what's a quick air fryer recipe for coconut shrimp?,953
Quick 20-minute cookie recipe with chocolate chips and coconut?,954
"I have milk, eggs, butter, and some coconut—what's an easy dessert I can make in about an hour?",957
"Quick chicken dinner with coconut milk and spinach, about an hour max",958
"I have graham crackers, chocolate chips, coconut, and condensed milk—what's a quick dessert I can make in under an hour?",962
Quick 10-minute snack idea with popcorn kernels and coconut oil — something simple and salty?,965
Quick 30-minute recipe with jasmine rice and coconut milk — what can I make?,969
"I have puff pastry, milk, and some nuts — what’s a quick dessert I can make in about 40 minutes?",970
I need a quick 15-minute frosting recipe with coconut and pecans—what can I make?,972
"Quick 30-minute recipe for a Mexican fruit bowl with yogurt, strawberries, and granola?",973
What’s a quick sweet coconut rice recipe I can make in about 25 minutes with rice and coconut milk?,975
"I’ve got basmati rice, coconut milk, and a lime — what’s a quick coconut rice recipe I can make in about 40 minutes?",979
What’s a quick coconut rice recipe I can make in about 30 minutes with basmati rice and coconut milk?,980
Quick 25-minute breakfast idea with coconut milk and oats — something sweet and creamy?,982
I have coconut milk and shredded coconut on hand — what’s a simple cake recipe I can make in about an hour?,984
Can I make a creamy rice pudding with coconut milk and basmati rice in about an hour?,986
"I need a quick 15-minute coconut cream cheese frosting recipe for a cake — what can I make with cream cheese, butter, and shredded coconut?",996
"Quick pumpkin cookie recipe with cranberries and walnuts, about 35 minutes total?",998
Quick blueberry muffin recipe I can make in about 35 minutes with fresh blueberries and milk?,999
What can I make with fresh strawberries and lemon juice in about 40 minutes?,1001
"Quick strawberry sauce recipe with fresh strawberries and sugar, about 30 minutes?",1004
What’s a quick dessert I can make in about an hour with fresh cranberries and walnuts?,1005
Quick 5-minute smoothie recipe with blueberries and yogurt,1007
"Looking for a baked oatmeal recipe I can make in about 50 minutes with oats, cinnamon, and dried cranberries",1008
Quick 20-minute dessert idea with strawberries and chocolate chips?,1013
"I have fresh blueberries and lemon juice, and about 35 minutes — how do I make a small batch of blueberry jam?",1015
"Quick dessert recipe with butter, raspberry jam, and almond extract — something I can make in about 45 minutes?",1017
"I have fresh raspberries and lemon juice — what’s a quick, light sauce I can make for dessert?",1019
Quick strawberry freezer jam recipe with fresh strawberries and pectin?,1020
"I have strawberries, banana, and yogurt — what’s a quick 5-minute smoothie recipe?",1021
I need a quick 5-minute breakfast smoothie with strawberries and oats — any easy recipe?,1022
"What can I make in 10 minutes with strawberries, peaches, and a banana?",1024
Need a quick 5-minute virgin strawberry daiquiri recipe with strawberries and lemon-lime soda,1026
What’s a quick strawberry dessert I can make in under an hour with fresh strawberries and whipped cream?,1027
Quick strawberry vinaigrette recipe with frozen strawberries and apple cider vinegar,1029
"Quick strawberry filling recipe with frozen strawberries and cornstarch, ready in under an hour",1030
"Quick strawberry smoothie recipe with yogurt and milk, ready in 5 minutes?",1032
"Quick strawberry dessert recipe with crepes and cream cheese filling, maybe with ingredients I already have like strawberries, eggs, milk, and flour",1033
"Quick strawberry muffins recipe with fresh strawberries and milk, ready in under an hour?",1035
"Quick strawberry syrup recipe with fresh strawberries and sugar, about 25 minutes",1039
Quick cocktail I can make in 5 minutes with amaretto and orange liqueur plus tea?,1040
Need a quick 30-minute dessert with strawberries and whipped cream—any easy recipe idea?,1041
I have strawberries and cream cheese — what’s a quick sweet snack I can make in about 20 minutes?,1042
"I have strawberries and cake flour, and about 50 minutes — what's a good homemade strawberry cake recipe?",1043
"Quick cranberry sauce recipe with fresh cranberries, about 20 minutes, for Thanksgiving",1044
Quick cookie recipe with dried cranberries and white chocolate chips — I only have about 25 minutes,1045
I need a quick 10-minute salad recipe with spinach and strawberries—what can I make?,1046
I have cranberries and oranges on hand—what’s a quick cookie recipe I can make in about 35 minutes?,1047
"What can I make with oats, raspberry jam, and butter in about 50 minutes?",1050
How do I make strawberry pie filling from fresh strawberries in about 25 minutes?,1052
I have blueberries and sugar — what’s an easy blueberry syrup recipe I can make in about 30 minutes?,1053
What’s a quick 15-minute spinach salad recipe with cranberries and almonds?,1054
"I have bacon, dates, and blue cheese—what's a quick appetizer I can make in about an hour?",1056
What’s an easy lower-sugar brownie recipe I can make in about 50 minutes with dates and cocoa powder?,1058
Quick 25-minute sweet snack using dates and crispy rice cereal?,1060
"I’ve got dates, bacon, and almonds — what’s a quick sweet-and-salty appetizer I can make in about an hour?",1064
Need a quick 25-minute sweet snack recipe with dates and coconut—what can I make?,1065
"Quick 30-minute cookie recipe with dates and banana, something naturally sweet and not too sugary",1067
Quick appetizer idea with dates and bacon — something easy in about 25 minutes?,1070
"Quick appetizer idea with bacon and dates — I have almonds too, and I need something ready in about 30 minutes",1075
"Quick snack idea with pecans, oats, and dates — something easy and a little sweet?",1077
"Quick no-bake snack bars with dates and coconut — I’ve got almonds and cashews, and I want something ready in about 40 minutes",1080
Quick 30-minute healthy cookie recipe with oats and beans?,1082
"I have rolled oats, cannellini beans, and raisins — what can I make that's kind of healthy and sweet?",1082
Need a vegetarian snack recipe that’s lower fat and ready in about 30 minutes,1082
"What’s a high-fiber cookie recipe I can make with oats, dates, and walnuts?",1082
Quick paleo cookie recipe with almond flour and dates?,1084
What’s a quick 30-minute sweet snack I can make with dates and pecans?,1085
"I’ve got hot peppers, onion, garlic, and some fresh herbs — what’s a quick homemade hot sauce I can make in about 30 minutes?",1087
